"Terzile","Match_Kappa","Extract_Prereg_Kappa","Extract_Pubstud_Kappa","Match_Sample_Size","Extract_Prereg_Sample_Size","Extract_Pubstud_Sample_Size"
"small",0.295987218226033,0.308265677057324,0.316912633782726,3708,4294,4367
"medium",0.249630122225254,0.359214990935248,0.296125769443039,3708,4317,4324
"large",0.279977046073053,0.292556079302503,0.30069724150469,3708,4245,4284
